"month_year","complaint_type","rank","cantidad_reclamos"
"2010-01",HEATING,1,40213
"2010-01",GENERAL CONSTRUCTION,2,12119
"2010-01",PLUMBING,3,10720
"2010-01",Noise - Residential,4,9919
"2010-01",Street Condition,5,9300
"2010-01",Street Light Condition,6,9028
"2010-01",PAINT - PLASTER,7,7967
"2010-01",Literature Request,8,5616
"2010-01",NONCONST,9,5190
"2010-01",Traffic Signal Condition,10,5031
"2010-02",HEATING,1,24616
"2010-02",GENERAL CONSTRUCTION,2,9913
"2010-02",Street Condition,3,9631
"2010-02",Noise - Residential,4,9435
"2010-02",PLUMBING,5,9332
"2010-02",Snow,6,8553
"2010-02",Street Light Condition,7,8120
"2010-02",PAINT - PLASTER,8,7016
"2010-02",Literature Request,9,4936
"2010-02",Traffic Signal Condition,10,4819
"2010-03",Street Condition,1,19943
"2010-03",HEATING,2,17621
"2010-03",PLUMBING,3,13239
"2010-03",GENERAL CONSTRUCTION,4,12531
"2010-03",Street Light Condition,5,11500
"2010-03",PAINT - PLASTER,6,10589
"2010-03",Noise - Residential,7,9179
"2010-03",Traffic Signal Condition,8,6662
"2010-03",Literature Request,9,6404
"2010-03",Damaged Tree,10,6032
"2010-04",Street Condition,1,12024
"2010-04",Street Light Condition,2,11452
"2010-04",Noise - Residential,3,10387
"2010-04",GENERAL CONSTRUCTION,4,10179
"2010-04",HEATING,5,9779
"2010-04",PLUMBING,6,8784
"2010-04",PAINT - PLASTER,7,7940
"2010-04",Literature Request,8,6013
"2010-04",General Construction/Plumbing,9,4972
"2010-04",NONCONST,10,4735
"2010-05",Noise - Residential,1,11389
"2010-05",Street Light Condition,2,9631
"2010-05",GENERAL CONSTRUCTION,3,9031
"2010-05",Street Condition,4,8467
"2010-05",PLUMBING,5,7492
"2010-05",PAINT - PLASTER,6,6852
"2010-05",HEATING,7,5940
"2010-05",Literature Request,8,5130
"2010-05",NONCONST,9,4803
"2010-05",General Construction/Plumbing,10,4672
"2010-06",Street Light Condition,1,10509
"2010-06",Water System,2,9780
"2010-06",GENERAL CONSTRUCTION,3,9624
"2010-06",Noise - Residential,4,8361
"2010-06",Street Condition,5,7825
"2010-06",PLUMBING,6,7705
"2010-06",PAINT - PLASTER,7,7174
"2010-06",NONCONST,8,6049
"2010-06",Literature Request,9,5660
"2010-06",General Construction/Plumbing,10,4727
"2010-07",Water System,1,17751
"2010-07",GENERAL CONSTRUCTION,2,9607
"2010-07",Street Light Condition,3,9272
"2010-07",PLUMBING,4,8532
"2010-07",Noise - Residential,5,8275
"2010-07",PAINT - PLASTER,6,7246
"2010-07",NONCONST,7,6745
"2010-07",Street Condition,8,6458
"2010-07",General Construction/Plumbing,9,4642
"2010-07",Literature Request,10,4198
"2010-08",GENERAL CONSTRUCTION,1,10503
"2010-08",Noise - Residential,2,9613
"2010-08",Street Light Condition,3,9254
"2010-08",PLUMBING,4,8465
"2010-08",PAINT - PLASTER,5,7647
"2010-08",NONCONST,6,7147
"2010-08",Water System,7,6933
"2010-08",Street Condition,8,6471
"2010-08",General Construction/Plumbing,9,5237
"2010-08",Literature Request,10,4684
"2010-09",Damaged Tree,1,11296
"2010-09",Noise - Residential,2,10172
"2010-09",GENERAL CONSTRUCTION,3,10069
"2010-09",Street Light Condition,4,10042
"2010-09",PLUMBING,5,8384
"2010-09",PAINT - PLASTER,6,7244
"2010-09",NONCONST,7,6867
"2010-09",Street Condition,8,6140
"2010-09",General Construction/Plumbing,9,4810
"2010-09",Water System,10,4438
"2010-10",HEATING,1,19525
"2010-10",GENERAL CONSTRUCTION,2,11475
"2010-10",Noise - Residential,3,10732
"2010-10",Street Light Condition,4,10342
"2010-10",PLUMBING,5,9756
"2010-10",PAINT - PLASTER,6,8454
"2010-10",NONCONST,7,6769
"2010-10",Street Condition,8,6296
"2010-10",Blocked Driveway,9,4730
"2010-10",General Construction/Plumbing,10,4366
"2010-11",HEATING,1,37305
"2010-11",GENERAL CONSTRUCTION,2,10788
"2010-11",Noise - Residential,3,9554
"2010-11",PLUMBING,4,9096
"2010-11",Street Light Condition,5,8703
"2010-11",Lead,6,7885
"2010-11",PAINT - PLASTER,7,7506
"2010-11",NONCONST,8,6565
"2010-11",Street Condition,9,5502
"2010-11",Blocked Driveway,10,4495
"2010-12",HEATING,1,51431
"2010-12",GENERAL CONSTRUCTION,2,11279
"2010-12",PLUMBING,3,9999
"2010-12",Noise - Residential,4,8616
"2010-12",Street Light Condition,5,8613
"2010-12",PAINT - PLASTER,6,7551
"2010-12",Traffic Signal Condition,7,5857
"2010-12",NONCONST,8,5393
"2010-12",Street Condition,9,5161
"2010-12",Blocked Driveway,10,4920
"2011-01",HEATING,1,39659
"2011-01",GENERAL CONSTRUCTION,2,11573
"2011-01",PLUMBING,3,10560
"2011-01",Noise - Residential,4,9455
"2011-01",Snow,5,8655
"2011-01",PAINT - PLASTER,6,8409
"2011-01",Street Light Condition,7,8000
"2011-01",Street Condition,8,7382
"2011-01",Blocked Driveway,9,6761
"2011-01",Traffic Signal Condition,10,5793
"2011-02",HEATING,1,24690
"2011-02",Street Condition,2,16037
"2011-02",GENERAL CONSTRUCTION,3,9513
"2011-02",Noise - Residential,4,8692
"2011-02",PLUMBING,5,8593
"2011-02",Street Light Condition,6,7971
"2011-02",PAINT - PLASTER,7,7102
"2011-02",Blocked Driveway,8,5216
"2011-02",Traffic Signal Condition,9,4758
"2011-02",NONCONST,10,4550
"2011-03",HEATING,1,21762
"2011-03",Street Condition,2,15993
"2011-03",GENERAL CONSTRUCTION,3,11906
"2011-03",PLUMBING,4,10152
"2011-03",Street Light Condition,5,9775
"2011-03",Noise - Residential,6,9276
"2011-03",PAINT - PLASTER,7,8938
"2011-03",NONCONST,8,5264
"2011-03",Literature Request,9,4678
"2011-03",General Construction/Plumbing,10,4535
"2011-04",HEATING,1,11788
"2011-04",Street Condition,2,11215
"2011-04",GENERAL CONSTRUCTION,3,9629
"2011-04",Noise - Residential,4,9409
"2011-04",Street Light Condition,5,8574
"2011-04",PLUMBING,6,8015
"2011-04",PAINT - PLASTER,7,7164
"2011-04",General Construction/Plumbing,8,5012
"2011-04",NONCONST,9,4902
"2011-04",Literature Request,10,4274
"2011-05",Noise - Residential,1,10543
"2011-05",Street Condition,2,10083
"2011-05",GENERAL CONSTRUCTION,3,9653
"2011-05",Street Light Condition,4,8875
"2011-05",PLUMBING,5,7477
"2011-05",PAINT - PLASTER,6,6876
"2011-05",NONCONST,7,5174
"2011-05",Literature Request,8,4981
"2011-05",General Construction/Plumbing,9,4383
"2011-05",HEATING,10,4362
"2011-06",GENERAL CONSTRUCTION,1,10172
"2011-06",Noise - Residential,2,9036
"2011-06",Street Light Condition,3,8828
"2011-06",Literature Request,4,8333
"2011-06",Water System,5,8080
"2011-06",PLUMBING,6,7652
"2011-06",Street Condition,7,7594
"2011-06",PAINT - PLASTER,8,7050
"2011-06",NONCONST,9,5970
"2011-06",General Construction/Plumbing,10,4731
"2011-07",Water System,1,15860
"2011-07",GENERAL CONSTRUCTION,2,9862
"2011-07",Noise - Residential,3,8763
"2011-07",PLUMBING,4,7909
"2011-07",Street Light Condition,5,7516
"2011-07",PAINT - PLASTER,6,6578
"2011-07",NONCONST,7,6567
"2011-07",Street Condition,8,6392
"2011-07",General Construction/Plumbing,9,4329
"2011-07",Literature Request,10,3829
"2011-08",Damaged Tree,1,11910
"2011-08",GENERAL CONSTRUCTION,2,11037
"2011-08",PLUMBING,3,10579
"2011-08",PAINT - PLASTER,4,9580
"2011-08",Street Light Condition,5,9464
"2011-08",Sewer,6,8930
"2011-08",Noise - Residential,7,7807
"2011-08",Street Condition,8,6749
"2011-08",NONCONST,9,6598
"2011-08",Water System,10,5126
"2011-09",GENERAL CONSTRUCTION,1,13022
"2011-09",PLUMBING,2,12328
"2011-09",PAINT - PLASTER,3,11572
"2011-09",Noise - Residential,4,9685
"2011-09",Street Light Condition,5,9055
"2011-09",Street Condition,6,6498
"2011-09",NONCONST,7,6218
"2011-09",Sewer,8,4855
"2011-09",Damaged Tree,9,4597
"2011-09",Literature Request,10,4105
"2011-10",HEATING,1,22105
"2011-10",GENERAL CONSTRUCTION,2,13577
"2011-10",PLUMBING,3,10757
"2011-10",PAINT - PLASTER,4,10342
"2011-10",Noise - Residential,5,9595
"2011-10",Street Light Condition,6,7814
"2011-10",NONCONST,7,6468
"2011-10",Street Condition,8,6044
"2011-10",Blocked Driveway,9,4193
"2011-10",Damaged Tree,10,4127
"2011-11",HEATING,1,25360
"2011-11",GENERAL CONSTRUCTION,2,11901
"2011-11",PLUMBING,3,9918
"2011-11",Noise - Residential,4,9051
"2011-11",PAINT - PLASTER,5,8937
"2011-11",Street Light Condition,6,7321
"2011-11",NONCONST,7,5949
"2011-11",Street Condition,8,5386
"2011-11",Blocked Driveway,9,4572
"2011-11",Water System,10,4004
"2011-12",HEATING,1,32483
"2011-12",GENERAL CONSTRUCTION,2,11389
"2011-12",Noise - Residential,3,10135
"2011-12",PLUMBING,4,9278
"2011-12",PAINT - PLASTER,5,8144
"2011-12",Street Light Condition,6,8121
"2011-12",NONCONST,7,5509
"2011-12",Street Condition,8,5321
"2011-12",Blocked Driveway,9,4583
"2011-12",Traffic Signal Condition,10,3704
"2012-01",HEATING,1,38491
"2012-01",GENERAL CONSTRUCTION,2,12008
"2012-01",Noise - Residential,3,9889
"2012-01",PLUMBING,4,9391
"2012-01",PAINT - PLASTER,5,8338
"2012-01",Street Light Condition,6,7409
"2012-01",Street Condition,7,6395
"2012-01",NONCONST,8,5495
"2012-01",Traffic Signal Condition,9,4566
"2012-01",Blocked Driveway,10,4153
"2012-02",HEATING,1,21464
"2012-02",GENERAL CONSTRUCTION,2,9569
"2012-02",Noise - Residential,3,9089
"2012-02",Street Light Condition,4,7646
"2012-02",PLUMBING,5,7646
"2012-02",PAINT - PLASTER,6,6498
"2012-02",Street Condition,7,5509
"2012-02",NONCONST,8,4336
"2012-02",Blocked Driveway,9,3634
"2012-02",General Construction/Plumbing,10,3053
"2012-03",HEATING,1,15291
"2012-03",Noise - Residential,2,10144
"2012-03",GENERAL CONSTRUCTION,3,9623
"2012-03",Street Light Condition,4,8435
"2012-03",PLUMBING,5,7336
"2012-03",Street Condition,6,6829
"2012-03",PAINT - PLASTER,7,6666
"2012-03",NONCONST,8,4684
"2012-03",Blocked Driveway,9,4245
"2012-03",General Construction/Plumbing,10,4189
"2012-04",HEATING,1,11192
"2012-04",Noise - Residential,2,10236
"2012-04",GENERAL CONSTRUCTION,3,8345
"2012-04",Street Light Condition,4,7494
"2012-04",PLUMBING,5,6303
"2012-04",PAINT - PLASTER,6,5913
"2012-04",Street Condition,7,5433
"2012-04",Literature Request,8,4218
"2012-04",NONCONST,9,3999
"2012-04",Blocked Driveway,10,3979
"2012-05",Noise - Residential,1,11302
"2012-05",GENERAL CONSTRUCTION,2,8550
"2012-05",Street Light Condition,3,8482
"2012-05",PLUMBING,4,6831
"2012-05",Street Condition,5,6155
"2012-05",PAINT - PLASTER,6,6085
"2012-05",Water System,7,4698
"2012-05",NONCONST,8,4516
"2012-05",General Construction/Plumbing,9,4378
"2012-05",Blocked Driveway,10,4247
"2012-06",Noise - Residential,1,10349
"2012-06",Water System,2,10130
"2012-06",Street Light Condition,3,8346
"2012-06",GENERAL CONSTRUCTION,4,8318
"2012-06",PLUMBING,5,6648
"2012-06",Street Condition,6,6390
"2012-06",PAINT - PLASTER,7,5968
"2012-06",NONCONST,8,5115
"2012-06",Blocked Driveway,9,4289
"2012-06",General Construction/Plumbing,10,3946
"2012-07",Water System,1,13783
"2012-07",Noise - Residential,2,9790
"2012-07",GENERAL CONSTRUCTION,3,9086
"2012-07",Street Light Condition,4,7286
"2012-07",PLUMBING,5,7053
"2012-07",PAINT - PLASTER,6,6267
"2012-07",NONCONST,7,6178
"2012-07",Street Condition,8,5808
"2012-07",Blocked Driveway,9,4171
"2012-07",General Construction/Plumbing,10,4077
"2012-08",Noise - Residential,1,10869
"2012-08",GENERAL CONSTRUCTION,2,9467
"2012-08",Street Light Condition,3,7741
"2012-08",PLUMBING,4,7533
"2012-08",PAINT - PLASTER,5,6866
"2012-08",NONCONST,6,6327
"2012-08",Street Condition,7,5749
"2012-08",Water System,8,5028
"2012-08",General Construction/Plumbing,9,4303
"2012-08",Dirty Conditions,10,4079
"2012-09",Noise - Residential,1,13447
"2012-09",GENERAL CONSTRUCTION,2,8816
"2012-09",Street Light Condition,3,7089
"2012-09",PLUMBING,4,6915
"2012-09",PAINT - PLASTER,5,6146
"2012-09",NONCONST,6,5699
"2012-09",Street Condition,7,5039
"2012-09",Blocked Driveway,8,4727
"2012-09",Sewer,9,3765
"2012-09",Literature Request,10,3740
"2012-10",Damaged Tree,1,13182
"2012-10",HEATING,2,12993
"2012-10",Noise - Residential,3,11267
"2012-10",GENERAL CONSTRUCTION,4,9025
"2012-10",Street Light Condition,5,8018
"2012-10",PLUMBING,6,7019
"2012-10",PAINT - PLASTER,7,6323
"2012-10",Traffic Signal Condition,8,5063
"2012-10",NONCONST,9,4966
"2012-10",Street Condition,10,4889
"2012-11",HEATING,1,40322
"2012-11",Damaged Tree,2,19519
"2012-11",GENERAL CONSTRUCTION,3,9561
"2012-11",Noise - Residential,4,9369
"2012-11",Street Light Condition,5,8114
"2012-11",PLUMBING,6,7304
"2012-11",Traffic Signal Condition,7,6937
"2012-11",PAINT - PLASTER,8,5618
"2012-11",General Construction/Plumbing,9,4554
"2012-11",NONCONST,10,4481
"2012-12",HEATING,1,29870
"2012-12",Noise - Residential,2,12192
"2012-12",GENERAL CONSTRUCTION,3,10053
"2012-12",Street Light Condition,4,7921
"2012-12",PLUMBING,5,7582
"2012-12",PAINT - PLASTER,6,6593
"2012-12",Traffic Signal Condition,7,5773
"2012-12",Street Condition,8,5067
"2012-12",Blocked Driveway,9,4922
"2012-12",NONCONST,10,4259
"2013-01",HEATING,1,43524
"2013-01",Noise - Residential,2,11603
"2013-01",GENERAL CONSTRUCTION,3,11452
"2013-01",PLUMBING,4,8809
"2013-01",Street Light Condition,5,7913
"2013-01",PAINT - PLASTER,6,7313
"2013-01",Street Condition,7,6923
"2013-01",Water System,8,5643
"2013-01",Traffic Signal Condition,9,4991
"2013-01",Blocked Driveway,10,4436
"2013-02",HEATING,1,29113
"2013-02",Noise - Residential,2,10661
"2013-02",GENERAL CONSTRUCTION,3,9532
"2013-02",Street Condition,4,8364
"2013-02",PLUMBING,5,7446
"2013-02",Street Light Condition,6,7304
"2013-02",PAINT - PLASTER,7,6697
"2013-02",Traffic Signal Condition,8,4426
"2013-02",Blocked Driveway,9,4232
"2013-02",NONCONST,10,3595
"2013-03",HEATING,1,20627
"2013-03",Noise - Residential,2,12689
"2013-03",GENERAL CONSTRUCTION,3,9288
"2013-03",Street Condition,4,9126
"2013-03",Street Light Condition,5,7497
"2013-03",PLUMBING,6,7291
"2013-03",PAINT - PLASTER,7,6647
"2013-03",Blocked Driveway,8,4523
"2013-03",Traffic Signal Condition,9,3880
"2013-03",NONCONST,10,3783
"2013-04",HEATING,1,12147
"2013-04",Noise - Residential,2,11907
"2013-04",GENERAL CONSTRUCTION,3,9247
"2013-04",Street Light Condition,4,8514
"2013-04",Street Condition,5,7181
"2013-04",PLUMBING,6,6683
"2013-04",PAINT - PLASTER,7,6431
"2013-04",Blocked Driveway,8,4301
"2013-04",NONCONST,9,4213
"2013-04",General Construction/Plumbing,10,3954
"2013-05",Noise - Residential,1,14867
"2013-05",GENERAL CONSTRUCTION,2,9743
"2013-05",Street Light Condition,3,8183
"2013-05",PLUMBING,4,7090
"2013-05",Street Condition,5,6714
"2013-05",PAINT - PLASTER,6,6308
"2013-05",HEATING,7,5526
"2013-05",Blocked Driveway,8,4587
"2013-05",NONCONST,9,4379
"2013-05",Sewer,10,4122
"2013-06",Noise - Residential,1,14059
"2013-06",GENERAL CONSTRUCTION,2,8938
"2013-06",PLUMBING,3,7280
"2013-06",Street Light Condition,4,7239
"2013-06",Street Condition,5,7161
"2013-06",Literature Request,6,6996
"2013-06",PAINT - PLASTER,7,6722
"2013-06",Water System,8,5653
"2013-06",Blocked Driveway,9,4847
"2013-06",NONCONST,10,4413
"2013-07",Water System,1,13526
"2013-07",Noise - Residential,2,11024
"2013-07",GENERAL CONSTRUCTION,3,10291
"2013-07",PLUMBING,4,7936
"2013-07",PAINT - PLASTER,5,7414
"2013-07",Street Light Condition,6,6980
"2013-07",Literature Request,7,6842
"2013-07",Street Condition,8,6460
"2013-07",NONCONST,9,5883
"2013-07",Blocked Driveway,10,4478
"2013-08",Noise - Residential,1,14390
"2013-08",GENERAL CONSTRUCTION,2,9453
"2013-08",Street Light Condition,3,7322
"2013-08",PLUMBING,4,6664
"2013-08",PAINT - PLASTER,5,6537
"2013-08",NONCONST,6,5569
"2013-08",Street Condition,7,4967
"2013-08",Blocked Driveway,8,4402
"2013-08",Noise - Street/Sidewalk,9,4238
"2013-08",Illegal Parking,10,3971
"2013-09",Noise - Residential,1,13526
"2013-09",GENERAL CONSTRUCTION,2,8248
"2013-09",Street Light Condition,3,7505
"2013-09",PLUMBING,4,6061
"2013-09",PAINT - PLASTER,5,5648
"2013-09",NONCONST,6,4993
"2013-09",Blocked Driveway,7,4882
"2013-09",Street Condition,8,4562
"2013-09",Illegal Parking,9,4055
"2013-09",General Construction/Plumbing,10,3741
"2013-10",HEATING,1,14915
"2013-10",Noise - Residential,2,12005
"2013-10",GENERAL CONSTRUCTION,3,8997
"2013-10",Street Light Condition,4,8457
"2013-10",PLUMBING,5,6574
"2013-10",PAINT - PLASTER,6,6308
"2013-10",Blocked Driveway,7,5436
"2013-10",NONCONST,8,4954
"2013-10",Noise,9,4467
"2013-10",Street Condition,10,4297
"2013-11",HEATING,1,35295
"2013-11",Noise - Residential,2,12383
"2013-11",GENERAL CONSTRUCTION,3,8528
"2013-11",Street Light Condition,4,7525
"2013-11",PLUMBING,5,6751
"2013-11",PAINT - PLASTER,6,5635
"2013-11",Blocked Driveway,7,5444
"2013-11",Traffic Signal Condition,8,4593
"2013-11",NONCONST,9,3863
"2013-11",Broken Muni Meter,10,3519
"2013-12",HEATING,1,32756
"2013-12",Noise - Residential,2,12402
"2013-12",GENERAL CONSTRUCTION,3,8438
"2013-12",Street Light Condition,4,8063
"2013-12",PLUMBING,5,7979
"2013-12",PAINT - PLASTER,6,6292
"2013-12",Blocked Driveway,7,5840
"2013-12",Street Condition,8,5211
"2013-12",Traffic Signal Condition,9,4471
"2013-12",NONCONST,10,3779
"2014-01",HEATING,1,59870
"2014-01",Noise - Residential,2,12213
"2014-01",PLUMBING,3,10987
"2014-01",GENERAL CONSTRUCTION,4,10373
"2014-01",Street Condition,5,9548
"2014-01",PAINT - PLASTER,6,7455
"2014-01",Street Light Condition,7,7127
"2014-01",Water System,8,6276
"2014-01",Blocked Driveway,9,5677
"2014-01",Traffic Signal Condition,10,5592
"2014-02",HEATING,1,28945
"2014-02",Street Condition,2,15414
"2014-02",Noise - Residential,3,11916
"2014-02",Snow,4,10034
"2014-02",PLUMBING,5,8858
"2014-02",Blocked Driveway,6,8193
"2014-02",Street Light Condition,7,6869
"2014-02",GENERAL CONSTRUCTION,8,5497
"2014-02",Traffic Signal Condition,9,5197
"2014-02",PAINT - PLASTER,10,4657
"2014-03",Street Condition,1,14701
"2014-03",HEAT/HOT WATER,2,14462
"2014-03",Noise - Residential,3,13347
"2014-03",HEATING,4,8782
"2014-03",Street Light Condition,5,8004
"2014-03",PAINT/PLASTER,6,6595
"2014-03",Blocked Driveway,7,6181
"2014-03",PLUMBING,8,5844
"2014-03",Illegal Parking,9,4914
"2014-03",General Construction/Plumbing,10,4747
"2014-04",Noise - Residential,1,13878
"2014-04",HEAT/HOT WATER,2,13382
"2014-04",Street Condition,3,12287
"2014-04",Street Light Condition,4,8040
"2014-04",PAINT/PLASTER,5,5921
"2014-04",Blocked Driveway,6,5345
"2014-04",UNSANITARY CONDITION,7,5009
"2014-04",Noise,8,4829
"2014-04",Illegal Parking,9,4620
"2014-04",General Construction/Plumbing,10,4260
"2014-05",Noise - Residential,1,19041
"2014-05",Street Condition,2,13843
"2014-05",Street Light Condition,3,8500
"2014-05",PAINT/PLASTER,4,6557
"2014-05",Blocked Driveway,5,6006
"2014-05",Noise,6,5738
"2014-05",UNSANITARY CONDITION,7,5612
"2014-05",Illegal Parking,8,5435
"2014-05",Sewer,9,4878
"2014-05",General Construction/Plumbing,10,4293
"2014-06",Noise - Residential,1,19652
"2014-06",Street Condition,2,12126
"2014-06",Street Light Condition,3,7979
"2014-06",Blocked Driveway,4,6544
"2014-06",UNSANITARY CONDITION,5,5989
"2014-06",Water System,6,5883
"2014-06",Noise - Street/Sidewalk,7,5772
"2014-06",Illegal Parking,8,5709
"2014-06",PAINT/PLASTER,9,5557
"2014-06",Noise,10,4915
"2014-07",Noise - Residential,1,16886
"2014-07",Street Light Condition,2,8396
"2014-07",Water System,3,8098
"2014-07",Street Condition,4,7935
"2014-07",UNSANITARY CONDITION,5,7588
"2014-07",PAINT/PLASTER,6,6713
"2014-07",Blocked Driveway,7,5964
"2014-07",Illegal Parking,8,5589
"2014-07",Noise - Street/Sidewalk,9,5029
"2014-07",General Construction/Plumbing,10,4666
"2014-08",Noise - Residential,1,20632
"2014-08",Street Light Condition,2,7826
"2014-08",UNSANITARY CONDITION,3,7329
"2014-08",Street Condition,4,6035
"2014-08",Blocked Driveway,5,5810
"2014-08",PAINT/PLASTER,6,5762
"2014-08",Noise - Street/Sidewalk,7,5538
"2014-08",Illegal Parking,8,4991
"2014-08",Water System,9,4474
"2014-08",Noise,10,4147
"2014-09",Noise - Residential,1,16866
"2014-09",Street Light Condition,2,7938
"2014-09",UNSANITARY CONDITION,3,7487
"2014-09",Blocked Driveway,4,6942
"2014-09",Illegal Parking,5,6265
"2014-09",Street Condition,6,6106
"2014-09",PAINT/PLASTER,7,5681
"2014-09",Noise,8,4883
"2014-09",Noise - Street/Sidewalk,9,4487
"2014-09",General Construction/Plumbing,10,4181
"2014-10",Noise - Residential,1,16811
"2014-10",HEAT/HOT WATER,2,16733
"2014-10",Street Light Condition,3,8251
"2014-10",Blocked Driveway,4,7219
"2014-10",UNSANITARY CONDITION,5,7029
"2014-10",Illegal Parking,6,6026
"2014-10",PAINT/PLASTER,7,5828
"2014-10",Street Condition,8,5484
"2014-10",Noise,9,5368
"2014-10",PLUMBING,10,4353
"2014-11",HEAT/HOT WATER,1,42458
"2014-11",Noise - Residential,2,15878
"2014-11",Blocked Driveway,3,7450
"2014-11",Street Light Condition,4,7435
"2014-11",UNSANITARY CONDITION,5,5959
"2014-11",Illegal Parking,6,5649
"2014-11",PAINT/PLASTER,7,5331
"2014-11",PLUMBING,8,4631
"2014-11",Street Condition,9,4469
"2014-11",Noise,10,4275
"2014-12",HEAT/HOT WATER,1,31702
"2014-12",Noise - Residential,2,15488
"2014-12",Street Light Condition,3,8300
"2014-12",Blocked Driveway,4,7839
"2014-12",Street Condition,5,6597
"2014-12",UNSANITARY CONDITION,6,6147
"2014-12",Illegal Parking,7,5763
"2014-12",PAINT/PLASTER,8,5722
"2014-12",PLUMBING,9,4819
"2014-12",Literature Request,10,4091
"2015-01",HEAT/HOT WATER,1,49106
"2015-01",Noise - Residential,2,15343
"2015-01",Street Condition,3,7267
"2015-01",Blocked Driveway,4,7237
"2015-01",Street Light Condition,5,7022
"2015-01",UNSANITARY CONDITION,6,5953
"2015-01",PAINT/PLASTER,7,5793
"2015-01",Water System,8,5514
"2015-01",PLUMBING,9,5357
"2015-01",Illegal Parking,10,5255
"2015-02",HEAT/HOT WATER,1,49586
"2015-02",Noise - Residential,2,13304
"2015-02",Street Condition,3,9831
"2015-02",Blocked Driveway,4,8285
"2015-02",Snow,5,8268
"2015-02",Street Light Condition,6,7286
"2015-02",Water System,7,7089
"2015-02",PLUMBING,8,6006
"2015-02",UNSANITARY CONDITION,9,5816
"2015-02",PAINT/PLASTER,10,5808
"2015-03",Street Condition,1,25630
"2015-03",HEAT/HOT WATER,2,22970
"2015-03",Noise - Residential,3,14968
"2015-03",Blocked Driveway,4,9035
"2015-03",Street Light Condition,5,8523
"2015-03",Illegal Parking,6,7182
"2015-03",PAINT/PLASTER,7,6390
"2015-03",UNSANITARY CONDITION,8,6066
"2015-03",Water System,9,6055
"2015-03",Traffic Signal Condition,10,5417
"2015-04",Street Condition,1,16746
"2015-04",Noise - Residential,2,16116
"2015-04",HEAT/HOT WATER,3,13526
"2015-04",Street Light Condition,4,9030
"2015-04",Illegal Parking,5,6918
"2015-04",Blocked Driveway,6,6867
"2015-04",UNSANITARY CONDITION,7,5897
"2015-04",PAINT/PLASTER,8,5614
"2015-04",Noise,9,5450
"2015-04",Water System,10,5215
"2015-05",Noise - Residential,1,22923
"2015-05",Street Condition,2,11359
"2015-05",Street Light Condition,3,8625
"2015-05",Illegal Parking,4,8105
"2015-05",Blocked Driveway,5,8103
"2015-05",Noise - Street/Sidewalk,6,7157
"2015-05",Noise,7,5980
"2015-05",UNSANITARY CONDITION,8,5789
"2015-05",Water System,9,5165
"2015-05",PAINT/PLASTER,10,4982
"2015-06",Noise - Residential,1,18494
"2015-06",Street Condition,2,11914
"2015-06",Street Light Condition,3,8639
"2015-06",Illegal Parking,4,8604
"2015-06",Blocked Driveway,5,8583
"2015-06",UNSANITARY CONDITION,6,7069
"2015-06",Water System,7,6857
"2015-06",Noise - Street/Sidewalk,8,6279
"2015-06",PAINT/PLASTER,9,5748
"2015-06",Noise,10,5242
"2015-07",Noise - Residential,1,17962
"2015-07",Water System,2,10070
"2015-07",Street Condition,3,8604
"2015-07",UNSANITARY CONDITION,4,8244
"2015-07",Illegal Parking,5,8185
"2015-07",Street Light Condition,6,8089
"2015-07",Blocked Driveway,7,7663
"2015-07",Noise - Street/Sidewalk,8,7651
"2015-07",PAINT/PLASTER,9,6058
"2015-07",General Construction/Plumbing,10,5085
"2015-08",Noise - Residential,1,19547
"2015-08",Street Condition,2,8858
"2015-08",UNSANITARY CONDITION,3,8374
"2015-08",Illegal Parking,4,8102
"2015-08",Street Light Condition,5,7923
"2015-08",Noise - Street/Sidewalk,6,7812
"2015-08",Blocked Driveway,7,7765
"2015-08",Water System,8,7289
"2015-08",PAINT/PLASTER,9,5847
"2015-08",General Construction/Plumbing,10,4762
"2015-09",Noise - Residential,1,18984
"2015-09",Illegal Parking,2,8770
"2015-09",Blocked Driveway,3,8703
"2015-09",Street Light Condition,4,8653
"2015-09",UNSANITARY CONDITION,5,8421
"2015-09",Street Condition,6,6790
"2015-09",Noise - Street/Sidewalk,7,6490
"2015-09",PAINT/PLASTER,8,6153
"2015-09",Noise,9,5189
"2015-09",Water System,10,5154
"2015-10",HEAT/HOT WATER,1,25495
"2015-10",Noise - Residential,2,16777
"2015-10",Blocked Driveway,3,9435
"2015-10",Street Light Condition,4,8543
"2015-10",Illegal Parking,5,8524
"2015-10",UNSANITARY CONDITION,6,8032
"2015-10",PAINT/PLASTER,7,6485
"2015-10",Street Condition,8,6384
"2015-10",Noise,9,6179
"2015-10",PLUMBING,10,4988
"2015-11",HEAT/HOT WATER,1,27572
"2015-11",Noise - Residential,2,16163
"2015-11",Blocked Driveway,3,9664
"2015-11",Illegal Parking,4,8611
"2015-11",Street Light Condition,5,7425
"2015-11",UNSANITARY CONDITION,6,6878
"2015-11",Noise,7,5863
"2015-11",PAINT/PLASTER,8,5789
"2015-11",Street Condition,9,4886
"2015-11",PLUMBING,10,4813
"2015-12",HEAT/HOT WATER,1,22363
"2015-12",Noise - Residential,2,17445
"2015-12",Blocked Driveway,3,9541
"2015-12",Illegal Parking,4,8792
"2015-12",Street Light Condition,5,8349
"2015-12",UNSANITARY CONDITION,6,6349
"2015-12",Street Condition,7,6107
"2015-12",PAINT/PLASTER,8,5031
"2015-12",Noise,9,4769
"2015-12",PLUMBING,10,4436
"2016-01",HEAT/HOT WATER,1,48413
"2016-01",Noise - Residential,2,15974
"2016-01",Blocked Driveway,3,10122
"2016-01",Illegal Parking,4,8924
"2016-01",Street Light Condition,5,7750
"2016-01",UNSANITARY CONDITION,6,6566
"2016-01",Water System,7,6453
"2016-01",Street Condition,8,6330
"2016-01",PAINT/PLASTER,9,5664
"2016-01",PLUMBING,10,5234
"2016-02",HEAT/HOT WATER,1,38182
"2016-02",Noise - Residential,2,14517
"2016-02",Street Condition,3,9436
"2016-02",Blocked Driveway,4,8214
"2016-02",Street Light Condition,5,8182
"2016-02",Illegal Parking,6,7745
"2016-02",UNSANITARY CONDITION,7,6174
"2016-02",Water System,8,5619
"2016-02",PLUMBING,9,5320
"2016-02",PAINT/PLASTER,10,4999
"2016-03",HEAT/HOT WATER,1,17749
"2016-03",Noise - Residential,2,16167
"2016-03",Street Condition,3,11602
"2016-03",Illegal Parking,4,9704
"2016-03",Blocked Driveway,5,9152
"2016-03",Street Light Condition,6,8576
"2016-03",UNSANITARY CONDITION,7,6167
"2016-03",Noise,8,5739
"2016-03",Water System,9,5584
"2016-03",PAINT/PLASTER,10,5194
"2016-04",Noise - Residential,1,18911
"2016-04",HEAT/HOT WATER,2,12889
"2016-04",Illegal Parking,3,9630
"2016-04",Street Condition,4,9213
"2016-04",Blocked Driveway,5,8909
"2016-04",Street Light Condition,6,7268
"2016-04",Noise,7,5930
"2016-04",UNSANITARY CONDITION,8,5423
"2016-04",Noise - Commercial,9,4989
"2016-04",Noise - Street/Sidewalk,10,4970
"2016-05",Noise - Residential,1,22794
"2016-05",Illegal Parking,2,10798
"2016-05",Blocked Driveway,3,9513
"2016-05",Street Condition,4,8761
"2016-05",Street Light Condition,5,7961
"2016-05",HEAT/HOT WATER,6,7753
"2016-05",Noise - Street/Sidewalk,7,7533
"2016-05",Noise,8,5901
"2016-05",UNSANITARY CONDITION,9,5897
"2016-05",Noise - Commercial,10,5536
"2016-06",Noise - Residential,1,20948
"2016-06",Illegal Parking,2,11802
"2016-06",Blocked Driveway,3,10407
"2016-06",Noise - Street/Sidewalk,4,9025
"2016-06",Street Condition,5,8886
"2016-06",Street Light Condition,6,7605
"2016-06",UNSANITARY CONDITION,7,6814
"2016-06",Water System,8,5561
"2016-06",Homeless Person Assistance,9,5488
"2016-06",General Construction/Plumbing,10,5204
"2016-07",Noise - Residential,1,21136
"2016-07",Water System,2,10828
"2016-07",Illegal Parking,3,10481
"2016-07",Blocked Driveway,4,9489
"2016-07",Noise - Street/Sidewalk,5,8435
"2016-07",UNSANITARY CONDITION,6,7593
"2016-07",Street Light Condition,7,6846
"2016-07",Street Condition,8,6374
"2016-07",Homeless Person Assistance,9,5323
"2016-07",PAINT/PLASTER,10,5060
"2016-08",Noise - Residential,1,17312
"2016-08",Water System,2,11343
"2016-08",Illegal Parking,3,10458
"2016-08",Blocked Driveway,4,9259
"2016-08",UNSANITARY CONDITION,5,8822
"2016-08",Street Light Condition,6,7410
"2016-08",Noise - Street/Sidewalk,7,7263
"2016-08",Street Condition,8,7160
"2016-08",Homeless Person Assistance,9,6146
"2016-08",PAINT/PLASTER,10,5764
"2016-09",Noise - Residential,1,20855
"2016-09",Illegal Parking,2,11398
"2016-09",Blocked Driveway,3,10815
"2016-09",Noise - Street/Sidewalk,4,7763
"2016-09",UNSANITARY CONDITION,5,7234
"2016-09",Street Light Condition,6,7037
"2016-09",Street Condition,7,5766
"2016-09",Noise,8,5186
"2016-09",Water System,9,5143
"2016-09",Homeless Person Assistance,10,5065
"2016-10",HEAT/HOT WATER,1,22496
"2016-10",Noise - Residential,2,19310
"2016-10",Blocked Driveway,3,10522
"2016-10",Illegal Parking,4,10344
"2016-10",Street Light Condition,5,7296
"2016-10",UNSANITARY CONDITION,6,7242
"2016-10",Noise,7,5696
"2016-10",Street Condition,8,5643
"2016-10",Noise - Street/Sidewalk,9,5179
"2016-10",PAINT/PLASTER,10,5137
"2016-11",HEAT/HOT WATER,1,28490
"2016-11",Noise - Residential,2,16404
"2016-11",Blocked Driveway,3,11187
"2016-11",Illegal Parking,4,10571
"2016-11",UNSANITARY CONDITION,5,6415
"2016-11",Street Light Condition,6,6349
"2016-11",Street Condition,7,5226
"2016-11",PAINT/PLASTER,8,5053
"2016-11",Noise,9,4929
"2016-11",PLUMBING,10,4567
"2016-12",HEAT/HOT WATER,1,41968
"2016-12",Noise - Residential,2,17578
"2016-12",Blocked Driveway,3,11457
"2016-12",Illegal Parking,4,10624
"2016-12",Street Light Condition,5,6842
"2016-12",UNSANITARY CONDITION,6,6122
"2016-12",Street Condition,7,6022
"2016-12",PLUMBING,8,5581
"2016-12",PAINT/PLASTER,9,5216
"2016-12",Water System,10,4268
"2017-01",HEAT/HOT WATER,1,34000
"2017-01",Noise - Residential,2,17918
"2017-01",Illegal Parking,3,11047
"2017-01",Blocked Driveway,4,10798
"2017-01",Street Condition,5,8364
"2017-01",Street Light Condition,6,7106
"2017-01",UNSANITARY CONDITION,7,6637
"2017-01",PLUMBING,8,5555
"2017-01",Water System,9,5532
"2017-01",PAINT/PLASTER,10,5379
"2017-02",HEAT/HOT WATER,1,23304
"2017-02",Noise - Residential,2,15452
"2017-02",Illegal Parking,3,9723
"2017-02",Blocked Driveway,4,9374
"2017-02",Street Condition,5,7873
"2017-02",Street Light Condition,6,6146
"2017-02",UNSANITARY CONDITION,7,5846
"2017-02",Water System,8,4929
"2017-02",PAINT/PLASTER,9,4803
"2017-02",Noise,10,4343
"2017-03",HEAT/HOT WATER,1,31106
"2017-03",Noise - Residential,2,16203
"2017-03",Blocked Driveway,3,12169
"2017-03",Illegal Parking,4,11547
"2017-03",Street Condition,5,9507
"2017-03",Street Light Condition,6,7084
"2017-03",Snow,7,6878
"2017-03",UNSANITARY CONDITION,8,6126
"2017-03",PAINT/PLASTER,9,4924
"2017-03",Noise,10,4543
"2017-04",Noise - Residential,1,20578
"2017-04",Street Condition,2,12347
"2017-04",Illegal Parking,3,11011
"2017-04",HEAT/HOT WATER,4,10727
"2017-04",Blocked Driveway,5,9873
"2017-04",Street Light Condition,6,7781
"2017-04",Noise - Street/Sidewalk,7,6438
"2017-04",Noise,8,6410
"2017-04",UNSANITARY CONDITION,9,5678
"2017-04",Water System,10,4832
"2017-05",Noise - Residential,1,20968
"2017-05",Illegal Parking,2,13214
"2017-05",Blocked Driveway,3,10962
"2017-05",Street Condition,4,9783
"2017-05",Street Light Condition,5,8114
"2017-05",HEAT/HOT WATER,6,7548
"2017-05",Noise - Street/Sidewalk,7,7536
"2017-05",UNSANITARY CONDITION,8,6385
"2017-05",Noise,9,6004
"2017-05",Water System,10,5672
"2017-06",Noise - Residential,1,21603
"2017-06",Illegal Parking,2,14690
"2017-06",Blocked Driveway,3,11916
"2017-06",Noise - Street/Sidewalk,4,11100
"2017-06",Street Condition,5,9982
"2017-06",Water System,6,7951
"2017-06",Street Light Condition,7,6792
"2017-06",UNSANITARY CONDITION,8,6682
"2017-06",Noise,9,5354
"2017-06",General Construction/Plumbing,10,5004
"2017-07",Noise - Residential,1,21578
"2017-07",Illegal Parking,2,13046
"2017-07",Blocked Driveway,3,11136
"2017-07",Noise - Street/Sidewalk,4,11041
"2017-07",Water System,5,8548
"2017-07",UNSANITARY CONDITION,6,7340
"2017-07",Street Condition,7,7202
"2017-07",Street Light Condition,8,6057
"2017-07",General Construction/Plumbing,9,4794
"2017-07",PAINT/PLASTER,10,4600
"2017-08",Noise - Residential,1,19854
"2017-08",Illegal Parking,2,12012
"2017-08",Blocked Driveway,3,10377
"2017-08",Noise - Street/Sidewalk,4,9602
"2017-08",UNSANITARY CONDITION,5,8017
"2017-08",Street Light Condition,6,7618
"2017-08",Street Condition,7,6792
"2017-08",Water System,8,5797
"2017-08",PAINT/PLASTER,9,5233
"2017-08",General Construction/Plumbing,10,5211
"2017-09",Noise - Residential,1,21608
"2017-09",Illegal Parking,2,13413
"2017-09",Blocked Driveway,3,11880
"2017-09",Request Large Bulky Item Collection,4,11366
"2017-09",Noise - Street/Sidewalk,5,9586
"2017-09",Street Light Condition,6,7036
"2017-09",UNSANITARY CONDITION,7,6871
"2017-09",Street Condition,8,5783
"2017-09",Noise,9,5633
"2017-09",General Construction/Plumbing,10,4691
"2017-10",Noise - Residential,1,20489
"2017-10",Illegal Parking,2,13487
"2017-10",Blocked Driveway,3,12450
"2017-10",Request Large Bulky Item Collection,4,11950
"2017-10",HEAT/HOT WATER,5,10249
"2017-10",Street Light Condition,6,7621
"2017-10",UNSANITARY CONDITION,7,7249
"2017-10",Noise - Street/Sidewalk,8,7088
"2017-10",Noise,9,6260
"2017-10",Street Condition,10,5535
"2017-11",HEAT/HOT WATER,1,37485
"2017-11",Noise - Residential,2,16469
"2017-11",Blocked Driveway,3,12465
"2017-11",Illegal Parking,4,12073
"2017-11",Request Large Bulky Item Collection,5,12000
"2017-11",UNSANITARY CONDITION,6,6565
"2017-11",Street Light Condition,7,6540
"2017-11",Noise,8,5026
"2017-11",PAINT/PLASTER,9,4655
"2017-11",Street Condition,10,4528
"2017-12",HEAT/HOT WATER,1,48249
"2017-12",Noise - Residential,2,17507
"2017-12",Blocked Driveway,3,12813
"2017-12",Request Large Bulky Item Collection,4,11262
"2017-12",Illegal Parking,5,10977
"2017-12",Street Light Condition,6,6300
"2017-12",UNSANITARY CONDITION,7,5886
"2017-12",Street Condition,8,5574
"2017-12",Water System,9,4916
"2017-12",PLUMBING,10,4838
"2018-01",HEAT/HOT WATER,1,56740
"2018-01",Noise - Residential,2,16700
"2018-01",Water System,3,12200
"2018-01",Blocked Driveway,4,11870
"2018-01",Illegal Parking,5,11338
"2018-01",Request Large Bulky Item Collection,6,10479
"2018-01",Street Condition,7,7377
"2018-01",PLUMBING,8,7117
"2018-01",UNSANITARY CONDITION,9,6820
"2018-01",Street Light Condition,10,6808
"2018-02",HEAT/HOT WATER,1,20072
"2018-02",Noise - Residential,2,15314
"2018-02",Street Condition,3,12800
"2018-02",Request Large Bulky Item Collection,4,11165
"2018-02",Illegal Parking,5,10747
"2018-02",Blocked Driveway,6,9534
"2018-02",Street Light Condition,7,6162
"2018-02",UNSANITARY CONDITION,8,5335
"2018-02",Water System,9,4738
"2018-02",PAINT/PLASTER,10,4442
"2018-03",HEAT/HOT WATER,1,24047
"2018-03",Noise - Residential,2,17070
"2018-03",Request Large Bulky Item Collection,3,13098
"2018-03",Street Condition,4,12985
"2018-03",Illegal Parking,5,12688
"2018-03",Blocked Driveway,6,11335
"2018-03",Damaged Tree,7,6944
"2018-03",Street Light Condition,8,6299
"2018-03",UNSANITARY CONDITION,9,6039
"2018-03",Noise,10,5031
"2018-04",Noise - Residential,1,18058
"2018-04",HEAT/HOT WATER,2,15459
"2018-04",Request Large Bulky Item Collection,3,14486
"2018-04",Illegal Parking,4,12371
"2018-04",Blocked Driveway,5,10846
"2018-04",Street Condition,6,10424
"2018-04",Street Light Condition,7,6516
"2018-04",Noise,8,6186
"2018-04",UNSANITARY CONDITION,9,5847
"2018-04",Water System,10,4567
"2018-05",Noise - Residential,1,20840
"2018-05",Request Large Bulky Item Collection,2,17144
"2018-05",Illegal Parking,3,15118
"2018-05",Blocked Driveway,4,11441
"2018-05",Street Condition,5,11170
"2018-05",Noise - Street/Sidewalk,6,9645
"2018-05",Street Light Condition,7,6521
"2018-05",Noise,8,6234
"2018-05",UNSANITARY CONDITION,9,6124
"2018-05",Water System,10,5797
"2018-06",Noise - Residential,1,21379
"2018-06",Request Large Bulky Item Collection,2,18026
"2018-06",Illegal Parking,3,15618
"2018-06",Noise - Street/Sidewalk,4,12224
"2018-06",Blocked Driveway,5,11989
"2018-06",Street Condition,6,9142
"2018-06",Water System,7,6678
"2018-06",UNSANITARY CONDITION,8,6268
"2018-06",Street Light Condition,9,6129
"2018-06",Noise,10,6084
"2018-07",Noise - Residential,1,19204
"2018-07",Request Large Bulky Item Collection,2,18148
"2018-07",Illegal Parking,3,14205
"2018-07",Noise - Street/Sidewalk,4,11760
"2018-07",Water System,5,10807
"2018-07",Blocked Driveway,6,10708
"2018-07",UNSANITARY CONDITION,7,8065
"2018-07",Street Condition,8,7810
"2018-07",Street Light Condition,9,6097
"2018-07",Damaged Tree,10,4938
"2018-08",Request Large Bulky Item Collection,1,18203
"2018-08",Noise - Residential,2,16542
"2018-08",Illegal Parking,3,13853
"2018-08",Blocked Driveway,4,10871
"2018-08",UNSANITARY CONDITION,5,9528
"2018-08",Noise - Street/Sidewalk,6,8928
"2018-08",Water System,7,8030
"2018-08",Street Condition,8,7922
"2018-08",Street Light Condition,9,6604
"2018-08",PAINT/PLASTER,10,5543
"2018-09",Noise - Residential,1,20970
"2018-09",Request Large Bulky Item Collection,2,15740
"2018-09",Illegal Parking,3,14856
"2018-09",Blocked Driveway,4,11837
"2018-09",Noise - Street/Sidewalk,5,9901
"2018-09",UNSANITARY CONDITION,6,8887
"2018-09",Street Light Condition,7,6440
"2018-09",Street Condition,8,6313
"2018-09",PAINT/PLASTER,9,5371
"2018-09",Water System,10,5117
"2018-10",HEAT/HOT WATER,1,26642
"2018-10",Noise - Residential,2,17652
"2018-10",Request Large Bulky Item Collection,3,15758
"2018-10",Illegal Parking,4,15339
"2018-10",Blocked Driveway,5,12009
"2018-10",UNSANITARY CONDITION,6,9832
"2018-10",Street Light Condition,7,7073
"2018-10",Street Condition,8,6742
"2018-10",Noise - Street/Sidewalk,9,6201
"2018-10",Noise,10,6196
"2018-11",HEAT/HOT WATER,1,35189
"2018-11",Noise - Residential,2,16277
"2018-11",Request Large Bulky Item Collection,3,13980
"2018-11",Illegal Parking,4,13337
"2018-11",Blocked Driveway,5,12245
"2018-11",UNSANITARY CONDITION,6,7370
"2018-11",Damaged Tree,7,6315
"2018-11",Street Light Condition,8,5655
"2018-11",Street Condition,9,5266
"2018-11",Noise,10,5122
"2018-12",HEAT/HOT WATER,1,29251
"2018-12",Noise - Residential,2,17911
"2018-12",Request Large Bulky Item Collection,3,13956
"2018-12",Illegal Parking,4,13926
"2018-12",Blocked Driveway,5,12514
"2018-12",Street Condition,6,6398
"2018-12",UNSANITARY CONDITION,7,6365
"2018-12",Street Light Condition,8,5960
"2018-12",Water System,9,5386
"2018-12",PAINT/PLASTER,10,4540
"2019-01",HEAT/HOT WATER,1,47095
"2019-01",Noise - Residential,2,16176
"2019-01",Request Large Bulky Item Collection,3,14628
"2019-01",Illegal Parking,4,13189
"2019-01",Blocked Driveway,5,11393
"2019-01",Street Condition,6,7470
"2019-01",UNSANITARY CONDITION,7,7101
"2019-01",Water System,8,6311
"2019-01",Street Light Condition,9,6222
"2019-01",PLUMBING,10,5645
"2019-02",HEAT/HOT WATER,1,28844
"2019-02",Noise - Residential,2,14939
"2019-02",Request Large Bulky Item Collection,3,13125
"2019-02",Illegal Parking,4,12253
"2019-02",Blocked Driveway,5,9906
"2019-02",Street Condition,6,7002
"2019-02",UNSANITARY CONDITION,7,6029
"2019-02",Street Light Condition,8,5588
"2019-02",Noise,9,5062
"2019-02",PAINT/PLASTER,10,4825
"2019-03",HEAT/HOT WATER,1,23190
"2019-03",Noise - Residential,2,17987
"2019-03",Request Large Bulky Item Collection,3,16479
"2019-03",Illegal Parking,4,15283
"2019-03",Blocked Driveway,5,11582
"2019-03",Street Condition,6,10496
"2019-03",UNSANITARY CONDITION,7,5914
"2019-03",Noise,8,5652
"2019-03",Street Light Condition,9,5071
"2019-03",PAINT/PLASTER,10,4674
"2019-04",Noise - Residential,1,19114
"2019-04",Request Large Bulky Item Collection,2,17566
"2019-04",Illegal Parking,3,15180
"2019-04",HEAT/HOT WATER,4,12431
"2019-04",Blocked Driveway,5,10360
"2019-04",Street Condition,6,8768
"2019-04",Street Light Condition,7,6311
"2019-04",Noise - Street/Sidewalk,8,6138
"2019-04",UNSANITARY CONDITION,9,6023
"2019-04",Noise,10,5777
"2019-05",Noise - Residential,1,23906
"2019-05",Request Large Bulky Item Collection,2,19289
"2019-05",Illegal Parking,3,17887
"2019-05",Blocked Driveway,4,12125
"2019-05",Noise - Street/Sidewalk,5,11526
"2019-05",Street Condition,6,9983
"2019-05",HEAT/HOT WATER,7,7983
"2019-05",Street Light Condition,8,6645
"2019-05",UNSANITARY CONDITION,9,6138
"2019-05",Noise,10,5825
"2019-06",Noise - Residential,1,24449
"2019-06",Request Large Bulky Item Collection,2,19706
"2019-06",Illegal Parking,3,18168
"2019-06",Noise - Street/Sidewalk,4,16720
"2019-06",Blocked Driveway,5,11664
"2019-06",Street Condition,6,8304
"2019-06",Noise - Vehicle,7,6288
"2019-06",Street Light Condition,8,6012
"2019-06",UNSANITARY CONDITION,9,6002
"2019-06",Noise,10,5493
"2019-07",Request Large Bulky Item Collection,1,22129
"2019-07",Illegal Parking,2,18690
"2019-07",Noise - Residential,3,17365
"2019-07",Noise - Street/Sidewalk,4,14718
"2019-07",Water System,5,13173
"2019-07",Blocked Driveway,6,10907
"2019-07",Street Condition,7,7276
"2019-07",Street Light Condition,8,5740
"2019-07",Sanitation Condition,9,4562
"2019-07",General Construction/Plumbing,10,4098
"2019-08",Request Large Bulky Item Collection,1,21350
"2019-08",Noise - Residential,2,19476
"2019-08",Illegal Parking,3,17504
"2019-08",Noise - Street/Sidewalk,4,14158
"2019-08",Blocked Driveway,5,10849
"2019-08",Sidewalk Condition,6,8094
"2019-08",Street Condition,7,7215
"2019-08",Water System,8,5704
"2019-08",Street Light Condition,9,5696
"2019-08",General Construction/Plumbing,10,4441
"2019-09",Noise - Residential,1,22962
"2019-09",Illegal Parking,2,20322
"2019-09",Request Large Bulky Item Collection,3,19212
"2019-09",Noise - Street/Sidewalk,4,13672
"2019-09",Blocked Driveway,5,12367
"2019-09",Sidewalk Condition,6,6580
"2019-09",Street Condition,7,5976
"2019-09",Noise - Vehicle,8,5414
"2019-09",Street Light Condition,9,5066
"2019-09",Noise,10,5052
"2019-10",Noise - Residential,1,20049
"2019-10",Request Large Bulky Item Collection,2,18439
"2019-10",Illegal Parking,3,18262
"2019-10",HEAT/HOT WATER,4,15580
"2019-10",Blocked Driveway,5,12118
"2019-10",Noise - Street/Sidewalk,6,7765
"2019-10",Street Light Condition,7,5996
"2019-10",Street Condition,8,5237
"2019-10",Noise,9,4993
"2019-10",Electronics Waste Appointment,10,4291
"2019-11",HEAT/HOT WATER,1,36687
"2019-11",Noise - Residential,2,17578
"2019-11",Request Large Bulky Item Collection,3,16480
"2019-11",Illegal Parking,4,16394
"2019-11",Blocked Driveway,5,12159
"2019-11",Street Light Condition,6,4982
"2019-11",Street Condition,7,4409
"2019-11",Missed Collection (All Materials),8,4243
"2019-11",Water System,9,3959
"2019-11",Noise,10,3897
"2019-12",HEAT/HOT WATER,1,30913
"2019-12",Noise - Residential,2,18849
"2019-12",Request Large Bulky Item Collection,3,16405
"2019-12",Illegal Parking,4,15214
"2019-12",Blocked Driveway,5,12306
"2019-12",Street Condition,6,6324
"2019-12",Street Light Condition,7,4882
"2019-12",Graffiti,8,4324
"2019-12",Electronics Waste Appointment,9,4303
"2019-12",Water System,10,3633
"2020-01",HEAT/HOT WATER,1,25711
"2020-01",Noise - Residential,2,18468
"2020-01",Request Large Bulky Item Collection,3,17788
"2020-01",Illegal Parking,4,16937
"2020-01",Blocked Driveway,5,11415
"2020-01",Street Condition,6,6187
"2020-01",Street Light Condition,7,5868
"2020-01",Electronics Waste Appointment,8,4800
"2020-01",Missed Collection (All Materials),9,4000
"2020-01",Water System,10,3920
"2020-02",HEAT/HOT WATER,1,20552
"2020-02",Noise - Residential,2,17929
"2020-02",Request Large Bulky Item Collection,3,15869
"2020-02",Illegal Parking,4,15362
"2020-02",Blocked Driveway,5,10244
"2020-02",Street Condition,6,6552
"2020-02",Street Light Condition,7,5389
"2020-02",Electronics Waste Appointment,8,3982
"2020-02",Noise,9,3527
"2020-02",Abandoned Vehicle,10,3405
"2020-03",Noise - Residential,1,21675
"2020-03",Request Large Bulky Item Collection,2,17208
"2020-03",HEAT/HOT WATER,3,16942
"2020-03",Illegal Parking,4,12732
"2020-03",Consumer Complaint,5,9564
"2020-03",Blocked Driveway,6,7741
"2020-03",Street Condition,7,6906
"2020-03",Street Light Condition,8,5743
"2020-03",Noise - Street/Sidewalk,9,5181
"2020-03",Noise,10,4293
"2020-04",Noise - Residential,1,26527
"2020-04",Non-Emergency Police Matter,2,22881
"2020-04",Request Large Bulky Item Collection,3,15158
"2020-04",HEAT/HOT WATER,4,12021
"2020-04",Consumer Complaint,5,7763
"2020-04",Illegal Parking,6,6781
"2020-04",Noise - Street/Sidewalk,7,5539
"2020-04",Street Light Condition,8,5230
"2020-04",Blocked Driveway,9,3222
"2020-04",Noise - Vehicle,10,3194
"2020-05",Noise - Residential,1,43035
"2020-05",Non-Emergency Police Matter,2,31521
"2020-05",Request Large Bulky Item Collection,3,25317
"2020-05",Noise - Street/Sidewalk,4,20104
"2020-05",Illegal Parking,5,12039
"2020-05",Noise - Vehicle,6,7738
"2020-05",HEAT/HOT WATER,7,6571
"2020-05",Street Light Condition,8,5546
"2020-05",Blocked Driveway,9,5255
"2020-05",Noise,10,4234
"2020-06",Noise - Street/Sidewalk,1,45581
"2020-06",Noise - Residential,2,41660
"2020-06",Request Large Bulky Item Collection,3,29754
"2020-06",Illegal Fireworks,4,29390
"2020-06",Non-Emergency Police Matter,5,15882
"2020-06",Illegal Parking,6,14155
"2020-06",Noise - Vehicle,7,10524
"2020-06",Blocked Driveway,8,7537
"2020-06",Street Light Condition,9,6202
"2020-06",UNSANITARY CONDITION,10,5251
"2020-07",Noise - Residential,1,40289
"2020-07",Noise - Street/Sidewalk,2,31922
"2020-07",Request Large Bulky Item Collection,3,31058
"2020-07",Illegal Fireworks,4,17917
"2020-07",Illegal Parking,5,17474
"2020-07",Water System,6,10974
"2020-07",NonCompliance with Phased Reopening,7,10923
"2020-07",Blocked Driveway,8,9631
"2020-07",Noise - Vehicle,9,9497
"2020-07",UNSANITARY CONDITION,10,7179
"2020-08",Noise - Residential,1,50031
"2020-08",Damaged Tree,2,45010
"2020-08",Request Large Bulky Item Collection,3,31904
"2020-08",Noise - Street/Sidewalk,4,31590
"2020-08",Illegal Parking,5,18511
"2020-08",Blocked Driveway,6,11440
"2020-08",Noise - Vehicle,7,11424
"2020-08",NonCompliance with Phased Reopening,8,9205
"2020-08",UNSANITARY CONDITION,9,7328
"2020-08",Water System,10,6334
"2020-09",Noise - Residential,1,49593
"2020-09",Request Large Bulky Item Collection,2,28058
"2020-09",Noise - Street/Sidewalk,3,26407
"2020-09",Illegal Parking,4,21045
"2020-09",Blocked Driveway,5,12487
"2020-09",Noise - Vehicle,6,12121
"2020-09",NonCompliance with Phased Reopening,7,7365
"2020-09",UNSANITARY CONDITION,8,7018
"2020-09",Noise - Commercial,9,6241
"2020-09",Street Light Condition,10,5237
"2020-10",Noise - Residential,1,40368
"2020-10",Request Large Bulky Item Collection,2,25123
"2020-10",Illegal Parking,3,20735
"2020-10",Noise - Street/Sidewalk,4,18384
"2020-10",HEAT/HOT WATER,5,15949
"2020-10",Blocked Driveway,6,13099
"2020-10",NonCompliance with Phased Reopening,7,8731
"2020-10",Noise - Vehicle,8,8457
"2020-10",UNSANITARY CONDITION,9,6869
"2020-10",Noise - Commercial,10,5946
"2020-11",Noise - Residential,1,29655
"2020-11",Request Large Bulky Item Collection,2,22931
"2020-11",HEAT/HOT WATER,3,22692
"2020-11",Illegal Parking,4,19832
"2020-11",Blocked Driveway,5,12505
"2020-11",Noise - Street/Sidewalk,6,11422
"2020-11",NonCompliance with Phased Reopening,7,6806
"2020-11",Noise - Vehicle,8,6651
"2020-11",UNSANITARY CONDITION,9,6203
"2020-11",Street Light Condition,10,4475
"2020-12",HEAT/HOT WATER,1,36369
"2020-12",Noise - Residential,2,27863
"2020-12",Request Large Bulky Item Collection,3,21941
"2020-12",Illegal Parking,4,18678
"2020-12",Blocked Driveway,5,12179
"2020-12",UNSANITARY CONDITION,6,6490
"2020-12",NonCompliance with Phased Reopening,7,6006
"2020-12",Street Light Condition,8,5289
"2020-12",Noise - Street/Sidewalk,9,4996
"2020-12",PLUMBING,10,4435
"2021-01",HEAT/HOT WATER,1,35308
"2021-01",Noise - Residential,2,27429
"2021-01",Request Large Bulky Item Collection,3,23917
"2021-01",Illegal Parking,4,19314
"2021-01",Blocked Driveway,5,10478
"2021-01",UNSANITARY CONDITION,6,6033
"2021-01",NonCompliance with Phased Reopening,7,5037
"2021-01",Street Condition,8,5005
"2021-01",Street Light Condition,9,4684
"2021-01",PLUMBING,10,4272
"2021-02",HEAT/HOT WATER,1,28885
"2021-02",Noise - Residential,2,21899
"2021-02",Illegal Parking,3,18316
"2021-02",Request Large Bulky Item Collection,4,16812
"2021-02",Blocked Driveway,5,12797
"2021-02",Snow,6,6040
"2021-02",UNSANITARY CONDITION,7,5773
"2021-02",Street Condition,8,5039
"2021-02",Street Light Condition,9,4711
"2021-02",PLUMBING,10,3868
"2021-03",Request Large Bulky Item Collection,1,28905
"2021-03",Noise - Residential,2,24471
"2021-03",Illegal Parking,3,23385
"2021-03",HEAT/HOT WATER,4,19933
"2021-03",Blocked Driveway,5,10881
"2021-03",Noise - Street/Sidewalk,6,9818
"2021-03",Street Condition,7,9096
"2021-03",Missed Collection (All Materials),8,8766
"2021-03",UNSANITARY CONDITION,9,6021
"2021-03",Noise - Vehicle,10,5979
"2021-04",Noise - Residential,1,28301
"2021-04",Request Large Bulky Item Collection,2,27104
"2021-04",Illegal Parking,3,24621
"2021-04",Noise - Street/Sidewalk,4,14381
"2021-04",HEAT/HOT WATER,5,12129
"2021-04",Blocked Driveway,6,11047
"2021-04",Street Condition,7,8802
"2021-04",Noise - Vehicle,8,8149
"2021-04",UNSANITARY CONDITION,9,5580
"2021-04",Street Light Condition,10,4929
"2021-05",Noise - Residential,1,36246
"2021-05",Illegal Parking,2,28814
"2021-05",Request Large Bulky Item Collection,3,27739
"2021-05",Noise - Street/Sidewalk,4,25046
"2021-05",Blocked Driveway,5,12811
"2021-05",Noise - Vehicle,6,11638
"2021-05",HEAT/HOT WATER,7,7155
"2021-05",Street Condition,8,6472
"2021-05",UNSANITARY CONDITION,9,5832
"2021-05",Noise - Commercial,10,5633
"2021-06",Noise - Residential,1,35576
"2021-06",Noise - Street/Sidewalk,2,29350
"2021-06",Request Large Bulky Item Collection,3,29205
"2021-06",Illegal Parking,4,28628
"2021-06",Blocked Driveway,5,12899
"2021-06",Noise - Vehicle,6,10933
"2021-06",Illegal Fireworks,7,9105
"2021-06",Water System,8,7952
"2021-06",UNSANITARY CONDITION,9,7025
"2021-06",Street Condition,10,6938
"2021-07",Noise - Residential,1,41602
"2021-07",Request Large Bulky Item Collection,2,28759
"2021-07",Illegal Parking,3,25548
"2021-07",Noise - Street/Sidewalk,4,25128
"2021-07",Blocked Driveway,5,12245
"2021-07",Illegal Fireworks,6,9174
"2021-07",Noise - Vehicle,7,9003
"2021-07",Water System,8,8463
"2021-07",UNSANITARY CONDITION,9,8235
"2021-07",Street Condition,10,5992
"2021-08",Noise - Residential,1,32561
"2021-08",Request Large Bulky Item Collection,2,28630
"2021-08",Illegal Parking,3,26325
"2021-08",Noise - Street/Sidewalk,4,21729
"2021-08",Blocked Driveway,5,12359
"2021-08",Noise - Vehicle,6,8867
"2021-08",UNSANITARY CONDITION,7,8864
"2021-08",Water System,8,7404
"2021-08",Dirty Conditions,9,5700
"2021-08",Street Condition,10,5271
"2021-09",Noise - Residential,1,38055
"2021-09",Illegal Parking,2,30391
"2021-09",Request Large Bulky Item Collection,3,27911
"2021-09",Noise - Street/Sidewalk,4,22156
"2021-09",Blocked Driveway,5,13778
"2021-09",UNSANITARY CONDITION,6,10885
"2021-09",Sewer,7,10859
"2021-09",Noise - Vehicle,8,9053
"2021-09",PAINT/PLASTER,9,6464
"2021-09",Noise - Commercial,10,6398
"2021-10",Illegal Parking,1,32594
"2021-10",Noise - Residential,2,31291
"2021-10",Request Large Bulky Item Collection,3,23661
"2021-10",Missed Collection,4,20045
"2021-10",Noise - Street/Sidewalk,5,17787
"2021-10",Blocked Driveway,6,14731
"2021-10",HEAT/HOT WATER,7,12572
"2021-10",UNSANITARY CONDITION,8,9891
"2021-10",Noise - Vehicle,9,7250
"2021-10",Noise - Commercial,10,7244
"2021-11",HEAT/HOT WATER,1,40630
"2021-11",Illegal Parking,2,30645
"2021-11",Noise - Residential,3,22379
"2021-11",Request Large Bulky Item Collection,4,19866
"2021-11",Blocked Driveway,5,14541
"2021-11",UNSANITARY CONDITION,6,9036
"2021-11",Noise - Street/Sidewalk,7,6612
"2021-11",Missed Collection,8,5763
"2021-11",PAINT/PLASTER,9,4977
"2021-11",PLUMBING,10,4969
"2021-12",HEAT/HOT WATER,1,30364
"2021-12",Illegal Parking,2,29401
"2021-12",Noise - Residential,3,22480
"2021-12",Request Large Bulky Item Collection,4,20522
"2021-12",Blocked Driveway,5,14058
"2021-12",UNSANITARY CONDITION,6,7230
"2021-12",Missed Collection,7,5578
"2021-12",Noise - Street/Sidewalk,8,5347
"2021-12",Street Condition,9,5085
"2021-12",PLUMBING,10,4655
"2022-01",HEAT/HOT WATER,1,62026
"2022-01",Illegal Parking,2,27859
"2022-01",Noise - Residential,3,22341
"2022-01",Request Large Bulky Item Collection,4,20739
"2022-01",Blocked Driveway,5,12270
"2022-01",UNSANITARY CONDITION,6,8365
"2022-01",PLUMBING,7,6036
"2022-01",Street Condition,8,5586
"2022-01",Water System,9,4984
"2022-01",Street Light Condition,10,4939
"2022-02",HEAT/HOT WATER,1,30126
"2022-02",Noise - Residential,2,29852
"2022-02",Illegal Parking,3,27166
"2022-02",Request Large Bulky Item Collection,4,18720
"2022-02",Blocked Driveway,5,11797
"2022-02",Street Condition,6,8016
"2022-02",UNSANITARY CONDITION,7,6810
"2022-02",PLUMBING,8,5020
"2022-02",Street Light Condition,9,4300
"2022-02",Graffiti,10,4118
"2022-03",Illegal Parking,1,35343
"2022-03",Noise - Residential,2,24313
"2022-03",HEAT/HOT WATER,3,23780
"2022-03",Blocked Driveway,4,13317
"2022-03",Street Condition,5,8839
"2022-03",UNSANITARY CONDITION,6,7534
"2022-03",Noise - Street/Sidewalk,7,7323
"2022-03",Request Large Bulky Item Collection,8,5968
"2022-03",Abandoned Vehicle,9,5381
"2022-03",Noise - Vehicle,10,5265
"2022-04",Illegal Parking,1,33164
"2022-04",Noise - Residential,2,25670
"2022-04",HEAT/HOT WATER,3,16138
"2022-04",Blocked Driveway,4,12527
"2022-04",Noise - Street/Sidewalk,5,10070
"2022-04",Street Condition,6,8484
"2022-04",UNSANITARY CONDITION,7,6864
"2022-04",Noise - Vehicle,8,6220
"2022-04",Noise - Commercial,9,5500
"2022-04",Abandoned Vehicle,10,5309
"2022-05",Noise - Residential,1,45555
"2022-05",Illegal Parking,2,36635
"2022-05",Noise - Street/Sidewalk,3,20064
"2022-05",Blocked Driveway,4,13344
"2022-05",Noise - Vehicle,5,8560
"2022-05",Street Condition,6,8133
"2022-05",UNSANITARY CONDITION,7,7107
"2022-05",HEAT/HOT WATER,8,7040
"2022-05",Noise - Commercial,9,6543
"2022-05",Water System,10,5402
"2022-06",Illegal Parking,1,36777
"2022-06",Noise - Residential,2,31002
"2022-06",Noise - Street/Sidewalk,3,23249
"2022-06",Blocked Driveway,4,13548
"2022-06",UNSANITARY CONDITION,5,8083
"2022-06",Noise - Vehicle,6,7892
"2022-06",Street Condition,7,7788
"2022-06",Noise - Commercial,8,6350
"2022-06",Abandoned Vehicle,9,5791
"2022-06",Street Light Condition,10,5406
"2022-07",Noise - Residential,1,51365
"2022-07",Illegal Parking,2,34026
"2022-07",Noise - Street/Sidewalk,3,23625
"2022-07",Blocked Driveway,4,12126
"2022-07",Water System,5,11326
"2022-07",UNSANITARY CONDITION,6,9148
"2022-07",Noise - Vehicle,7,7171
"2022-07",Street Condition,8,6136
"2022-07",Abandoned Vehicle,9,5628
"2022-07",Illegal Fireworks,10,5409
"2022-08",Illegal Parking,1,33094
"2022-08",Noise - Residential,2,32909
"2022-08",Noise - Street/Sidewalk,3,19771
"2022-08",Blocked Driveway,4,11987
"2022-08",UNSANITARY CONDITION,5,9828
"2022-08",Water System,6,9594
"2022-08",Abandoned Vehicle,7,6175
"2022-08",Noise - Vehicle,8,5909
"2022-08",Street Condition,9,5805
"2022-08",Traffic Signal Condition,10,5268
"2022-09",Noise - Residential,1,44350
"2022-09",Illegal Parking,2,36157
"2022-09",Noise - Street/Sidewalk,3,18329
"2022-09",Blocked Driveway,4,13333
"2022-09",UNSANITARY CONDITION,5,9054
"2022-09",Abandoned Vehicle,6,5817
"2022-09",Noise - Commercial,7,5722
"2022-09",Street Condition,8,5351
"2022-09",Noise - Vehicle,9,5330
"2022-09",Missed Collection,10,5172
"2022-10",Illegal Parking,1,36828
"2022-10",Noise - Residential,2,27492
"2022-10",HEAT/HOT WATER,3,25903
"2022-10",Blocked Driveway,4,13758
"2022-10",Noise - Street/Sidewalk,5,11858
"2022-10",UNSANITARY CONDITION,6,9332
"2022-10",Noise - Commercial,7,6711
"2022-10",Missed Collection,8,5841
"2022-10",Abandoned Vehicle,9,5414
"2022-10",Street Condition,10,5297
"2022-11",Illegal Parking,1,35097
"2022-11",HEAT/HOT WATER,2,34061
"2022-11",Noise - Residential,3,21052
"2022-11",Blocked Driveway,4,13645
"2022-11",UNSANITARY CONDITION,5,8697
"2022-11",Noise - Street/Sidewalk,6,7699
"2022-11",Missed Collection,7,6106
"2022-11",Abandoned Vehicle,8,5119
"2022-11",PLUMBING,9,4954
"2022-11",Noise,10,4773
"2022-12",HEAT/HOT WATER,1,53796
"2022-12",Illegal Parking,2,33797
"2022-12",Noise - Residential,3,21148
"2022-12",Blocked Driveway,4,14220
"2022-12",UNSANITARY CONDITION,5,8426
"2022-12",PLUMBING,6,6405
"2022-12",Missed Collection,7,5358
"2022-12",Street Condition,8,5192
"2022-12",Water System,9,5114
"2022-12",PAINT/PLASTER,10,4561
"2023-01",Illegal Parking,1,37791
"2023-01",HEAT/HOT WATER,2,30210
"2023-01",Noise - Residential,3,21770
"2023-01",Blocked Driveway,4,13304
"2023-01",UNSANITARY CONDITION,5,8511
"2023-01",Street Condition,6,6994
"2023-01",Abandoned Vehicle,7,5497
"2023-01",PLUMBING,8,5358
"2023-01",Noise - Street/Sidewalk,9,5051
"2023-01",PAINT/PLASTER,10,4425
"2023-02",Illegal Parking,1,33047
"2023-02",HEAT/HOT WATER,2,32929
"2023-02",Noise - Residential,3,20821
"2023-02",Blocked Driveway,4,11763
"2023-02",UNSANITARY CONDITION,5,7561
"2023-02",Street Condition,6,6478
"2023-02",PLUMBING,7,5286
"2023-02",Abandoned Vehicle,8,5262
"2023-02",Noise - Street/Sidewalk,9,4367
"2023-02",Noise - Helicopter,10,4324
"2023-03",Illegal Parking,1,39427
"2023-03",HEAT/HOT WATER,2,26574
"2023-03",Noise - Residential,3,22519
"2023-03",Blocked Driveway,4,13986
"2023-03",UNSANITARY CONDITION,5,8398
"2023-03",Street Condition,6,6928
"2023-03",Noise - Helicopter,7,6517
"2023-03",Noise - Street/Sidewalk,8,5669
"2023-03",PLUMBING,9,5173
"2023-03",Abandoned Vehicle,10,4995
"2023-04",Illegal Parking,1,37356
"2023-04",Noise - Residential,2,25220
"2023-04",HEAT/HOT WATER,3,14556
"2023-04",Blocked Driveway,4,12680
"2023-04",Noise - Street/Sidewalk,5,11371
"2023-04",UNSANITARY CONDITION,6,7468
"2023-04",Noise - Helicopter,7,7194
"2023-04",Noise - Commercial,8,6154
"2023-04",Noise - Vehicle,9,5203
"2023-04",Abandoned Vehicle,10,4969
"2023-05",Illegal Parking,1,43291
"2023-05",Noise - Residential,2,29931
"2023-05",Noise - Street/Sidewalk,3,17966
"2023-05",Blocked Driveway,4,13806
"2023-05",UNSANITARY CONDITION,5,8553
"2023-05",Noise - Helicopter,6,7461
"2023-05",HEAT/HOT WATER,7,7103
"2023-05",Noise - Commercial,8,6705
"2023-05",Noise - Vehicle,9,6446
"2023-05",Street Condition,10,5754
"2023-06",Illegal Parking,1,41617
"2023-06",Noise - Residential,2,28333
"2023-06",Noise - Street/Sidewalk,3,17089
"2023-06",Blocked Driveway,4,13487
"2023-06",UNSANITARY CONDITION,5,8868
"2023-06",Noise - Commercial,6,6563
"2023-06",Street Condition,7,5990
"2023-06",Missed Collection,8,5504
"2023-06",Noise - Vehicle,9,5377
"2023-06",Abandoned Vehicle,10,5308
"2023-07",Illegal Parking,1,38932
"2023-07",Noise - Residential,2,24968
"2023-07",Noise - Street/Sidewalk,3,20645
"2023-07",Blocked Driveway,4,13200
"2023-07",UNSANITARY CONDITION,5,11199
"2023-07",Water System,6,10576
"2023-07",Illegal Fireworks,7,6251
"2023-07",Abandoned Vehicle,8,5610
"2023-07",Dirty Condition,9,5504
"2023-07",Missed Collection,10,5258
"2023-08",Illegal Parking,1,39334
"2023-08",Noise - Residential,2,25099
"2023-08",Noise - Street/Sidewalk,3,20833
"2023-08",Blocked Driveway,4,13079
"2023-08",UNSANITARY CONDITION,5,11804
"2023-08",Abandoned Vehicle,6,6325
"2023-08",Dirty Condition,7,5513
"2023-08",PAINT/PLASTER,8,5284
"2023-08",PLUMBING,9,5247
"2023-08",Noise - Commercial,10,5167
"2023-09",Illegal Parking,1,40555
"2023-09",Noise - Residential,2,25952
"2023-09",Noise - Street/Sidewalk,3,17072
"2023-09",Blocked Driveway,4,14602
"2023-09",UNSANITARY CONDITION,5,11270
"2023-09",Noise - Commercial,6,6342
"2023-09",WATER LEAK,7,5460
"2023-09",PAINT/PLASTER,8,5447
"2023-09",Abandoned Vehicle,9,5429
"2023-09",Dirty Condition,10,5224
"2023-10",Illegal Parking,1,42600
"2023-10",Noise - Residential,2,26396
"2023-10",HEAT/HOT WATER,3,22135
"2023-10",Blocked Driveway,4,15258
"2023-10",Noise - Street/Sidewalk,5,14657
"2023-10",UNSANITARY CONDITION,6,12367
"2023-10",Noise - Commercial,7,7271
"2023-10",PAINT/PLASTER,8,6294
"2023-10",Noise,9,5879
"2023-10",Abandoned Vehicle,10,5773
"2023-11",HEAT/HOT WATER,1,47298
"2023-11",Illegal Parking,2,41126
"2023-11",Noise - Residential,3,23027
"2023-11",Blocked Driveway,4,15491
"2023-11",UNSANITARY CONDITION,5,10136
"2023-11",Noise - Street/Sidewalk,6,7065
"2023-11",Noise - Commercial,7,5688
"2023-11",PLUMBING,8,5491
"2023-11",PAINT/PLASTER,9,5209
"2023-11",Abandoned Vehicle,10,4962
"2023-12",Illegal Parking,1,41733
"2023-12",HEAT/HOT WATER,2,35545
"2023-12",Noise - Residential,3,24417
"2023-12",Blocked Driveway,4,15774
"2023-12",UNSANITARY CONDITION,5,9305
"2023-12",Noise - Helicopter,6,8724
"2023-12",Noise - Commercial,7,6320
"2023-12",Noise - Street/Sidewalk,8,5664
"2023-12",PLUMBING,9,5648
"2023-12",PAINT/PLASTER,10,5534
"2024-01",HEAT/HOT WATER,1,51325
"2024-01",Illegal Parking,2,41124
"2024-01",Noise - Residential,3,22091
"2024-01",Blocked Driveway,4,14966
"2024-01",UNSANITARY CONDITION,5,10720
"2024-01",PLUMBING,6,6800
"2024-01",PAINT/PLASTER,7,6755
"2024-01",Abandoned Vehicle,8,6079
"2024-01",WATER LEAK,9,5863
"2024-01",Traffic Signal Condition,10,5225
"2024-02",Illegal Parking,1,38792
"2024-02",HEAT/HOT WATER,2,30316
"2024-02",Noise - Residential,3,21511
"2024-02",Blocked Driveway,4,13642
"2024-02",UNSANITARY CONDITION,5,8488
"2024-02",Street Condition,6,5870
"2024-02",Abandoned Vehicle,7,5387
"2024-02",PLUMBING,8,5260
"2024-02",PAINT/PLASTER,9,4970
"2024-02",Noise - Commercial,10,4552
"2024-03",Illegal Parking,1,43167
"2024-03",Noise - Residential,2,24896
"2024-03",HEAT/HOT WATER,3,24809
"2024-03",Blocked Driveway,4,14459
"2024-03",UNSANITARY CONDITION,5,8984
"2024-03",Street Condition,6,8142
"2024-03",Noise - Street/Sidewalk,7,7609
"2024-03",Noise - Commercial,8,6376
"2024-03",Abandoned Vehicle,9,6159
"2024-03",PAINT/PLASTER,10,5606
"2024-04",Illegal Parking,1,42717
"2024-04",Noise - Residential,2,25261
"2024-04",HEAT/HOT WATER,3,16199
"2024-04",Blocked Driveway,4,13045
"2024-04",Noise - Street/Sidewalk,5,9820
"2024-04",UNSANITARY CONDITION,6,8811
"2024-04",Street Condition,7,8482
"2024-04",Noise - Commercial,8,6380
"2024-04",Abandoned Vehicle,9,6156
"2024-04",Noise - Vehicle,10,5523
"2024-05",Illegal Parking,1,46663
"2024-05",Noise - Residential,2,29848
"2024-05",Noise - Street/Sidewalk,3,15457
"2024-05",Blocked Driveway,4,14002
"2024-05",UNSANITARY CONDITION,5,9566
"2024-05",Street Condition,6,7264
"2024-05",Noise - Commercial,7,7162
"2024-05",HEAT/HOT WATER,8,6821
"2024-05",Noise - Vehicle,9,6169
"2024-05",Abandoned Vehicle,10,6047
"2024-06",Illegal Parking,1,46372
"2024-06",Noise - Residential,2,31058
"2024-06",Noise - Street/Sidewalk,3,24781
"2024-06",Blocked Driveway,4,14076
"2024-06",Water System,5,10141
"2024-06",UNSANITARY CONDITION,6,10071
"2024-06",Street Condition,7,6946
"2024-06",Abandoned Vehicle,8,6138
"2024-06",Damaged Tree,9,6043
"2024-06",Noise - Commercial,10,6014
"2024-07",Illegal Parking,1,39868
"2024-07",Noise - Residential,2,27139
"2024-07",Noise - Street/Sidewalk,3,22539
"2024-07",Blocked Driveway,4,13117
"2024-07",Water System,5,11512
"2024-07",UNSANITARY CONDITION,6,11507
"2024-07",Illegal Fireworks,7,7026
"2024-07",Dirty Condition,8,6523
"2024-07",Street Condition,9,6327
"2024-07",Abandoned Vehicle,10,6097
"2024-08",Illegal Parking,1,38506
"2024-08",Noise - Residential,2,26797
"2024-08",Noise - Street/Sidewalk,3,20595
"2024-08",UNSANITARY CONDITION,4,12423
"2024-08",Blocked Driveway,5,12422
"2024-08",Water System,6,6874
"2024-08",Dirty Condition,7,6365
"2024-08",PAINT/PLASTER,8,6144
"2024-08",Abandoned Vehicle,9,6070
"2024-08",Street Condition,10,5849
"2024-09",Illegal Parking,1,45810
"2024-09",Noise - Residential,2,45560
"2024-09",Noise - Street/Sidewalk,3,21664
"2024-09",Blocked Driveway,4,15333
"2024-09",UNSANITARY CONDITION,5,11226
"2024-09",Noise - Commercial,6,7269
"2024-09",Dirty Condition,7,6878
"2024-09",Abandoned Vehicle,8,6289
"2024-09",Noise,9,5548
"2024-09",Encampment,10,5377
"2024-10",Illegal Parking,1,42959
"2024-10",Noise - Residential,2,38628
"2024-10",HEAT/HOT WATER,3,19644
"2024-10",Noise - Street/Sidewalk,4,18281
"2024-10",Blocked Driveway,5,14635
"2024-10",UNSANITARY CONDITION,6,10595
"2024-10",Noise - Commercial,7,6607
"2024-10",Abandoned Vehicle,8,6084
"2024-10",Noise,9,5579
"2024-10",Lead,10,5529
"2024-11",Illegal Parking,1,39784
"2024-11",HEAT/HOT WATER,2,39368
"2024-11",Noise - Residential,3,39103
"2024-11",Blocked Driveway,4,15239
"2024-11",Noise - Street/Sidewalk,5,9256
"2024-11",UNSANITARY CONDITION,6,9194
"2024-11",Lead,7,9103
"2024-11",PLUMBING,8,5302
"2024-11",Noise - Commercial,9,5079
"2024-11",Abandoned Vehicle,10,4900
"2024-12",HEAT/HOT WATER,1,62089
"2024-12",Noise - Residential,2,42964
"2024-12",Illegal Parking,3,38587
"2024-12",Blocked Driveway,4,14789
"2024-12",UNSANITARY CONDITION,5,9094
"2024-12",PLUMBING,6,6287
"2024-12",Water System,7,5491
"2024-12",Street Condition,8,5126
"2024-12",PAINT/PLASTER,9,4878
"2024-12",Abandoned Vehicle,10,4769
